Entity,Label
http://ar.dbpedia.org/resource/%D8%AC%D8%A7%D9%88_%D9%88%D8%A7%D9%8A,z
http://ar.dbpedia.org/resource/جاو_واي,z
http://ar.dbpedia.org/resource/%D8%AC%D9%88%D9%86%D8%AC_%D9%84%D9%8A,g
http://ar.dbpedia.org/resource/جونج_لي,g
http://cs.dbpedia.org/resource/Wej_Čao,z
http://dbpedia.org/resource/Zhao_Wei,z
http://de.dbpedia.org/resource/Zhao_Wei,z
http://eo.dbpedia.org/resource/Zhao_Wei,z
http://es.dbpedia.org/resource/Zhao_Wei,z
http://fi.dbpedia.org/resource/Zhao_Wei,z
http://fr.dbpedia.org/resource/Zhao_Wei,z
http://id.dbpedia.org/resource/Zhao_Wei,z
http://it.dbpedia.org/resource/Zhao_Wei,z
http://ja.dbpedia.org/resource/ヴィッキー・チャオ,z
http://jv.dbpedia.org/resource/Zhao_Wei,z
http://kk.dbpedia.org/resource/Чжао_Вэй,z
http://ko.dbpedia.org/resource/자오웨이,z
http://pl.dbpedia.org/resource/Zhao_Wei,z
http://pt.dbpedia.org/resource/Zhao_Wei,z
http://rdf.freebase.com/ns/m.05z68y,z
http://ru.dbpedia.org/resource/Чжао_Вэй,z
http://th.dbpedia.org/resource/เจ้า_เวย,z
http://tr.dbpedia.org/resource/Zhao_Wei,z
http://vi.dbpedia.org/resource/Triệu_Vi,z
http://www.wikidata.org/entity/Q197471,z
http://zh.dbpedia.org/resource/趙薇,z
http://ca.dbpedia.org/resource/Gong_Li,g
http://commons.dbpedia.org/resource/Gong_Li,g
http://cs.dbpedia.org/resource/Kung_Li,g
http://da.dbpedia.org/resource/Gong_Li,g
http://dbpedia.org/resource/Gong_Li,g
http://de.dbpedia.org/resource/Gong_Li,g
http://el.dbpedia.org/resource/Γκονγκ_Λι,g
http://eo.dbpedia.org/resource/Gong_Li,g
http://es.dbpedia.org/resource/Gong_Li,g
http://eu.dbpedia.org/resource/Gong_Li,g
http://fa.dbpedia.org/resource/گونگ_لی,g
http://fi.dbpedia.org/resource/Gong_Li,g
http://fr.dbpedia.org/resource/Gong_Li,g
http://he.dbpedia.org/resource/גונג_לי,g
http://hu.dbpedia.org/resource/Gong_Li,g
http://id.dbpedia.org/resource/Gong_Li,g
http://it.dbpedia.org/resource/Gong_Li,g
http://ja.dbpedia.org/resource/コン・リー,g
http://jv.dbpedia.org/resource/Gong_Li,g
http://kk.dbpedia.org/resource/Гун_Ли,g
http://ko.dbpedia.org/resource/궁리,g
http://mr.dbpedia.org/resource/कोंग_ली,g
http://ms.dbpedia.org/resource/Gong_Li,g
http://ne.dbpedia.org/resource/गोङ_ली,g
http://nl.dbpedia.org/resource/Gong_Li,g
http://no.dbpedia.org/resource/Gong_Li,g
http://pl.dbpedia.org/resource/Gong_Li,g
http://pt.dbpedia.org/resource/Gong_Li,g
http://rdf.freebase.com/ns/m.0139t1,g
http://ro.dbpedia.org/resource/Gong_Li,g
http://ru.dbpedia.org/resource/Гун_Ли,g
http://sh.dbpedia.org/resource/Gong_Li,g
http://sq.dbpedia.org/resource/Gong_Li,g
http://sv.dbpedia.org/resource/Gong_Li,g
http://th.dbpedia.org/resource/กง_ลี่,g
http://tr.dbpedia.org/resource/Gong_Li,g
http://uk.dbpedia.org/resource/Гун_Лі,g
http://uk.dbpedia.org/resource/Ґун_Лі,g
http://uz.dbpedia.org/resource/Gong_Li,g
http://vi.dbpedia.org/resource/Củng_Lợi,g
http://war.dbpedia.org/resource/Gong_Li,g
http://www.wikidata.org/entity/Q150903,g
http://zh.dbpedia.org/resource/巩俐,g
http://br.dbpedia.org/resource/Lang_Lang,l
http://ca.dbpedia.org/resource/Lang_Lang,l
http://cs.dbpedia.org/resource/Lang_Lang,l
http://cy.dbpedia.org/resource/Lang_Lang,l
http://da.dbpedia.org/resource/Lang_Lang_(pianist),l
http://dbpedia.org/resource/Lang_Lang_(pianist),l
http://de.dbpedia.org/resource/Lang_Lang,l
http://es.dbpedia.org/resource/Lang_Lang,l
http://eu.dbpedia.org/resource/Lang_Lang,l
http://fi.dbpedia.org/resource/Lang_Lang,l
http://fr.dbpedia.org/resource/Lang_Lang,l
http://he.dbpedia.org/resource/לאנג_לאנג,l
http://hr.dbpedia.org/resource/Lang_Lang,l
http://id.dbpedia.org/resource/Lang_Lang_(pianis),l
http://it.dbpedia.org/resource/Lang_Lang_(pianista),l
http://ja.dbpedia.org/resource/ラン・ラン,l
http://la.dbpedia.org/resource/Lang_Lang,l
http://lb.dbpedia.org/resource/Lang_Lang,l
http://nl.dbpedia.org/resource/Lang_Lang,l
http://no.dbpedia.org/resource/Lang_Lang,l
http://pl.dbpedia.org/resource/Lang_Lang,l
http://pt.dbpedia.org/resource/Lang_Lang,l
http://ro.dbpedia.org/resource/Lang_Lang,l
http://ru.dbpedia.org/resource/Лан_Лан_(пианист),l
http://simple.dbpedia.org/resource/Lang_Lang,l
http://sv.dbpedia.org/resource/Lang_Lang,l
http://th.dbpedia.org/resource/หลาง_หล่าง,l
http://vi.dbpedia.org/resource/Lang_Lãng,l
http://www.wikidata.org/entity/Q155713,l
http://zh.dbpedia.org/resource/郎朗,l
http://ko.dbpedia.org/resource/랑랑,l
http://rdf.freebase.com/ns/m.0f19vp,l
http://ru.dbpedia.org/resource/Лан_Лан,l
http://ca.dbpedia.org/resource/Zhou_Xun,o
http://dbpedia.org/resource/Zhou_Xun,o
http://de.dbpedia.org/resource/Zhou_Xun,o
http://es.dbpedia.org/resource/Zhou_Xun,o
http://fr.dbpedia.org/resource/Zhou_Xun,o
http://it.dbpedia.org/resource/Zhou_Xun,o
http://ja.dbpedia.org/resource/周迅,o
http://kk.dbpedia.org/resource/Чжоу_Сунь,o
http://ko.dbpedia.org/resource/저우쉰,o
http://no.dbpedia.org/resource/Zhou_Xun,o
http://rdf.freebase.com/ns/m.0flxbw,o
http://ru.dbpedia.org/resource/Чжоу_Сюнь,o
http://sv.dbpedia.org/resource/Zhou_Xun,o
http://th.dbpedia.org/resource/โจว_ซวิ่น,o
http://vi.dbpedia.org/resource/Chu_Tấn,o
http://www.wikidata.org/entity/Q198030,o
http://zh.dbpedia.org/resource/周迅,o
http://cs.dbpedia.org/resource/Wej_%C4%8Cao,z
http://d-nb.info/gnd/128484349,j
http://dbpedia.org/resource/Cui_Jian,j
http://viaf.org/viaf/60136650,j
http://data.bibsys.no/data/notrbib/authorityentry/x07049257,j
http://data.bibsys.no/data/notrbib/authorityentry/x90940752,j
http://d-nb.info/gnd/12960755X,l
http://viaf.org/viaf/27267813,l
http://www.filmportal.de/person/9EEC835EDA644E3582CECC691BF661F0,l
http://data.bibsys.no/data/notrbib/authorityentry/x05054175,l
http://datos.bne.es/resource/XX4585786,l
http://d-nb.info/gnd/131825186,g
http://viaf.org/viaf/74995834,g
http://data.bibsys.no/data/notrbib/authorityentry/x00010732,g
http://d-nb.info/gnd/132164515,g
http://viaf.org/viaf/33152116,g
http://d-nb.info/gnd/135252377,1
http://viaf.org/viaf/81889124,1
http://datos.bne.es/resource/XX1639065,1
http://d-nb.info/gnd/173338682,f
http://dbpedia.org/resource/Faye_Wong,f
http://viaf.org/viaf/95011286,f
http://da.dbpedia.org/resource/CoCo_Lee,c
http://dbpedia.org/resource/Coco_Lee,c
http://es.dbpedia.org/resource/Coco_Lee,c
http://fi.dbpedia.org/resource/Coco_Lee,c
http://fr.dbpedia.org/resource/Coco_Lee,c
http://it.dbpedia.org/resource/CoCo_Lee,c
http://ja.dbpedia.org/resource/ココ・リー,c
http://ms.dbpedia.org/resource/Coco_Lee,c
http://rdf.freebase.com/ns/m.01lv3rr,c
http://simple.dbpedia.org/resource/CoCo_Lee,c
http://www.wikidata.org/entity/Q703216,c
http://zh.dbpedia.org/resource/李玟,c
http://da.dbpedia.org/resource/Faye_Wong,f
http://de.dbpedia.org/resource/Faye_Wong,f
http://es.dbpedia.org/resource/Faye_Wong,f
http://fr.dbpedia.org/resource/Faye_Wong,f
http://id.dbpedia.org/resource/Faye_Wong,f
http://it.dbpedia.org/resource/Wang_Fei,f
http://ja.dbpedia.org/resource/王菲,f
http://jv.dbpedia.org/resource/Faye_Wong,f
http://ko.dbpedia.org/resource/왕페이,f
http://nl.dbpedia.org/resource/Faye_Wong,f
http://no.dbpedia.org/resource/Faye_Wong,f
http://pl.dbpedia.org/resource/Faye_Wong,f
http://pt.dbpedia.org/resource/Faye_Wong,f
http://rdf.freebase.com/ns/m.01r1jx,f
http://ro.dbpedia.org/resource/Faye_Wong,f
http://ru.dbpedia.org/resource/Ван_Фэй_(певица),f
http://sco.dbpedia.org/resource/Faye_Wong,f
http://simple.dbpedia.org/resource/Faye_Wong,f
http://sk.dbpedia.org/resource/Fej_Wangová,f
http://sv.dbpedia.org/resource/Wang_Fei,f
http://vi.dbpedia.org/resource/Vương_Phi,f
http://www.wikidata.org/entity/Q464650,f
http://zh-yue.dbpedia.org/resource/王菲,f
http://zh.dbpedia.org/resource/王菲,f
http://dbpedia.org/resource/Lang_Lang_%28pianist%29,l
http://data.linkedmdb.org/resource/actor/15440,j
http://mpii.de/yago/resource/Cui_Jian,j
http://data.linkedmdb.org/resource/actor/17172,f
http://mpii.de/yago/resource/Faye_Wong,f
http://data.linkedmdb.org/resource/actor/17919,g
http://mpii.de/yago/resource/Gong_Li,g
http://data.linkedmdb.org/resource/actor/21816,m
http://dbpedia.org/resource/Leon_Lai,m
http://mpii.de/yago/resource/Leon_Lai,m
http://data.linkedmdb.org/resource/actor/29332,z
http://mpii.de/yago/resource/Zhao_Wei,z
http://data.linkedmdb.org/resource/actor/29334,s
http://dbpedia.org/resource/Zhou_Xuan,s
http://mpii.de/yago/resource/Zhou_Xuan,s
http://data.linkedmdb.org/resource/actor/29335,o
http://mpii.de/yago/resource/Zhou_Xun,o
http://data.linkedmdb.org/resource/actor/9651,h
http://dbpedia.org/resource/Hu_Ge_%28actor%29,h
http://dbpedia.org/resource/Hu_Ge_(actor),h
http://mpii.de/yago/resource/Hu_Ge_%28actor%29,h
http://mpii.de/yago/resource/Hu_Ge_(actor),h
http://data.nytimes.com/N7750459205270726453,l
http://data.nytimes.com/lang_lang_per,l
http://rdf.freebase.com/ns/en.lang_lang,l
http://dbpedia.org/resource/Lim_Giong,1
http://datos.bne.es/resource/XX4429099,l
http://viaf.org/viaf/169864178,l
http://libris.kb.se/resource/auth/285944,l
http://dbpedia.org/resource/%E5%91%A8%E8%BF%85,o
http://dbpedia.org/resource/周迅,o
http://dbpedia.org/resource/%E5%B7%A9%E4%BF%90,g
http://rdf.freebase.com/ns/guid.9202a8c04000641f800000000011a721,g
http://dbpedia.org/resource/巩俐,g
http://dbpedia.org/resource/%E6%9D%8E%E7%8E%9F,c
http://dbpedia.org/resource/李玟,c
http://dbpedia.org/resource/%E6%9D%8E%E7%BE%8E%E6%9E%97,c
http://dbpedia.org/resource/李美林,c
http://dbpedia.org/resource/%E7%91%9E%E6%81%A9,r
http://rdf.freebase.com/ns/guid.9202a8c04000641f8000000000ad5355,r
http://dbpedia.org/resource/瑞恩,r
http://dbpedia.org/resource/%E8%8A%AE%E6%81%A9,r
http://dbpedia.org/resource/芮恩,r
http://dbpedia.org/resource/%E8%B5%B5%E8%96%87,z
http://rdf.freebase.com/ns/guid.9202a8c04000641f80000000005f191d,z
http://dbpedia.org/resource/赵薇,z
http://dbpedia.org/resource/%E8%B6%99%E8%96%87,z
http://dbpedia.org/resource/趙薇,z
http://dbpedia.org/resource/%E9%82%A3%E8%8B%B1,y
http://rdf.freebase.com/ns/guid.9202a8c04000641f80000000033bb2e8,y
http://dbpedia.org/resource/那英,y
http://dbpedia.org/resource/%E9%83%8E%E6%9C%97,l
http://rdf.freebase.com/ns/guid.9202a8c04000641f8000000000d0a755,l
http://dbpedia.org/resource/郎朗,l
http://dbpedia.org/resource/%E9%99%B6%E5%90%89%E5%90%89,d
http://rdf.freebase.com/ns/guid.9202a8c04000641f80000000036eb317,d
http://dbpedia.org/resource/陶吉吉,d
http://dbpedia.org/resource/%E9%99%B6%E5%96%86,d
http://dbpedia.org/resource/陶喆,d
http://dbpedia.org/resource/%E9%99%B6%E7%B7%92%E5%BF%A0,d
http://dbpedia.org/resource/陶緒忠,d
http://dbpedia.org/resource/%E9%99%B6%E7%BB%AA%E5%BF%A0,d
http://dbpedia.org/resource/陶绪忠,d
http://dbpedia.org/resource/%E9%9E%8F%E4%BF%90,g
http://dbpedia.org/resource/鞏俐,g
http://dbpedia.org/resource/%E9%BB%8E%E6%8D%B7,m
http://dbpedia.org/resource/黎捷,m
http://dbpedia.org/resource/%E9%BB%8E%E6%98%8E,m
http://dbpedia.org/resource/黎明,m
http://dbpedia.org/resource/A_bing,a
http://rdf.freebase.com/ns/guid.9202a8c04000641f8000000006c0ea72,a
http://dbpedia.org/resource/Abing,a
http://fr.dbpedia.org/resource/Abing,a
http://no.dbpedia.org/resource/Abing,a
http://rdf.freebase.com/ns/m.01qvkp6,a
http://wikidata.dbpedia.org/resource/Q831387,a
http://www.wikidata.org/entity/Q831387,a
http://zh.dbpedia.org/resource/阿炳,a
http://rdf.freebase.com/ns/m/01qvkp6,a
http://wikidata.org/entity/Q831387,a
http://yago-knowledge.org/resource/Abing,a
http://dbtune.org/musicbrainz/resource/artist/f96d6a53-2bcc-43af-b0b9-ed1718ea8afa,a
http://musicbrainz.org/artist/f96d6a53-2bcc-43af-b0b9-ed1718ea8afa#_,a
http://www4.wiwiss.fu-berlin.de/flickrwrappr/photos/Abing,a
http://mpii.de/yago/resource/Abing,a
http://dbpedia.org/resource/Albert_Leung,i
http://fr.dbpedia.org/resource/Albert_Leung,i
http://rdf.freebase.com/ns/m.026v67n,i
http://zh-yue.dbpedia.org/resource/林夕,i
http://zh.dbpedia.org/resource/林夕,i
http://rdf.freebase.com/ns/guid.9202a8c04000641f80000000046d18f4,i
http://rdf.freebase.com/ns/m/026v67n,i
http://yago-knowledge.org/resource/Albert_Leung,i
http://dbtune.org/musicbrainz/resource/artist/6d5993a7-ef89-41cd-88c8-9ac4d0b39b0c,i
http://musicbrainz.org/artist/6d5993a7-ef89-41cd-88c8-9ac4d0b39b0c#_,i
http://www4.wiwiss.fu-berlin.de/flickrwrappr/photos/Albert_Leung,i
http://mpii.de/yago/resource/Albert_Leung,i
http://dbpedia.org/resource/Albert_leung,i
http://dbpedia.org/resource/COCO,c
http://rdf.freebase.com/ns/guid.9202a8c04000641f80000000032d0ef7,c
http://dbpedia.org/resource/Cao_Ge,w
http://rdf.freebase.com/ns/guid.9202a8c04000641f80000000055953f0,w
http://rdf.freebase.com/ns/m.02pln_j,w
http://dbpedia.org/resource/Chang_Fei,e
http://rdf.freebase.com/ns/guid.9202a8c04000641f8000000000611989,e
http://rdf.freebase.com/ns/m.0626d9,e
http://wikidata.dbpedia.org/resource/Q5071615,e
http://www.wikidata.org/entity/Q5071615,e
http://zh.dbpedia.org/resource/張菲,e
http://wikidata.org/entity/Q5071615,e
http://yago-knowledge.org/resource/Chang_Fei,e
http://musicbrainz.org/artist/b1f39a1c-1b22-49db-bcb6-dd57ed3818bf#_,e
http://mpii.de/yago/resource/Chang_Fei,e
http://dbpedia.org/resource/Chang_Fei_%28Celebrity%29,e
http://dbpedia.org/resource/Chang_Fei_%28celebrity%29,e
http://dbpedia.org/resource/Chang_Fei_(Celebrity),e
http://dbpedia.org/resource/Chang_Fei_(celebrity),e
http://dbtune.org/musicbrainz/resource/artist/b1f39a1c-1b22-49db-bcb6-dd57ed3818bf,e
http://mpii.de/yago/resource/Chang_Fei_(celebrity),e
http://dbpedia.org/resource/Chaw,w
http://wikidata.dbpedia.org/resource/Q5088538,w
http://www.wikidata.org/entity/Q5088538,w
http://wikidata.org/entity/Q5088538,w
http://dbpedia.org/resource/Chow_Hsuan,s
http://rdf.freebase.com/ns/guid.9202a8c04000641f80000000005091e2,s
http://rdf.freebase.com/ns/m.0514h2,s
http://dbpedia.org/resource/CoCo_Lee,c
http://mpii.de/yago/resource/CoCo_Lee,c
http://dbpedia.org/resource/Coco_Lee's_discography,c
http://ko.dbpedia.org/resource/코코_리,c
http://wikidata.dbpedia.org/resource/Q703216,c
http://rdf.freebase.com/ns/m/01lv3rr,c
http://tl.dbpedia.org/resource/Coco_Lee,c
http://wikidata.org/entity/Q703216,c
http://yago-knowledge.org/resource/Coco_Lee,c
http://dbtune.org/musicbrainz/resource/artist/f3fd7e43-aca4-4e25-9f2d-a5c992a575fc,c
http://musicbrainz.org/artist/f3fd7e43-aca4-4e25-9f2d-a5c992a575fc#_,c
http://www4.wiwiss.fu-berlin.de/flickrwrappr/photos/Coco_Lee,c
http://mpii.de/yago/resource/Coco_Lee,c
http://dbpedia.org/resource/Coco_Lee_Wen,c
http://dbpedia.org/resource/Coco_Lee_albums_discography,c
http://dbpedia.org/resource/Coco_Lee_discography,c
http://rdf.freebase.com/ns/m.01lv3mk,c
http://mpii.de/yago/resource/Coco_Lee_discography,c
http://dbpedia.org/resource/Coco_Li,c
http://dbpedia.org/resource/Coco_Li_Wen,c
http://de.dbpedia.org/resource/Cui_Jian,j
http://eo.dbpedia.org/resource/Cui_Jian,j
http://es.dbpedia.org/resource/Cui_Jian,j
http://fa.dbpedia.org/resource/کی_جین,j
http://fr.dbpedia.org/resource/Cui_Jian,j
http://it.dbpedia.org/resource/Cui_Jian,j
http://ja.dbpedia.org/resource/崔健,j
http://ko.dbpedia.org/resource/최건,j
http://nl.dbpedia.org/resource/Cui_Jian,j
http://pl.dbpedia.org/resource/Cui_Jian,j
http://rdf.freebase.com/ns/guid.9202a8c04000641f800000000020f3d1,j
http://rdf.freebase.com/ns/m.021xzk,j
http://wikidata.dbpedia.org/resource/Q540516,j
http://www.wikidata.org/entity/Q540516,j
http://zh.dbpedia.org/resource/崔健,j
http://wikidata.org/entity/Q540516,j
http://yago-knowledge.org/resource/Cui_Jian,j
http://dbtune.org/musicbrainz/resource/artist/d457f05e-8802-4888-83a6-b07d3df3bbf3,j
http://musicbrainz.org/artist/d457f05e-8802-4888-83a6-b07d3df3bbf3#_,j
http://dbpedia.org/resource/D%C3%B2u_We%C3%AD,q
http://rdf.freebase.com/ns/guid.9202a8c04000641f80000000002d8515,q
http://dbpedia.org/resource/Dòu_Weí,q
http://dbpedia.org/resource/David_T%C3%A1o_Zh%C3%A9,d
http://dbpedia.org/resource/David_Táo_Zhé,d
http://dbpedia.org/resource/David_Tao,d
http://es.dbpedia.org/resource/David_Tao,d
http://it.dbpedia.org/resource/David_Tao,d
http://ja.dbpedia.org/resource/陶ジャー,d
http://ko.dbpedia.org/resource/타오저,d
http://nl.dbpedia.org/resource/David_Tao,d
http://rdf.freebase.com/ns/m.01qydsr,d
http://wikidata.dbpedia.org/resource/Q710857,d
http://www.wikidata.org/entity/Q710857,d
http://zh.dbpedia.org/resource/陶喆,d
http://rdf.freebase.com/ns/m/01qydsr,d
http://wikidata.org/entity/Q710857,d
http://yago-knowledge.org/resource/David_Tao,d
http://dbtune.org/musicbrainz/resource/artist/38fe7fb3-2bde-4672-8016-2ba6f7d1808f,d
http://musicbrainz.org/artist/38fe7fb3-2bde-4672-8016-2ba6f7d1808f#_,d
http://www4.wiwiss.fu-berlin.de/flickrwrappr/photos/David_Tao,d
http://mpii.de/yago/resource/David_Tao,d
http://dbpedia.org/resource/David_Tao_Zhe,d
http://dbpedia.org/resource/David_Zee_Tao,d
http://dbpedia.org/resource/David_Zh%C3%A9_T%C3%A1o,d
http://dbpedia.org/resource/David_Zhé_Táo,d
http://dbpedia.org/resource/David_Zhe_Tao,d
http://dbpedia.org/resource/Deserts_Chang,t
http://es.dbpedia.org/resource/Deserts_Chang,t
http://fr.dbpedia.org/resource/Deserts_Chang,t
http://it.dbpedia.org/resource/Deserts_Chang,t
http://rdf.freebase.com/ns/m.02w1fg_,t
http://wikidata.dbpedia.org/resource/Q699516,t
http://www.wikidata.org/entity/Q699516,t
http://zh.dbpedia.org/resource/張懸,t
http://rdf.freebase.com/ns/guid.9202a8c04000641f8000000005b0b5df,t
http://rdf.freebase.com/ns/m/02w1fg_,t
http://wikidata.org/entity/Q699516,t
http://yago-knowledge.org/resource/Deserts_Chang,t
http://dbtune.org/musicbrainz/resource/artist/d7dd2cd8-db65-4dc1-897b-957548393cf5,t
http://musicbrainz.org/artist/d7dd2cd8-db65-4dc1-897b-957548393cf5#_,t
http://www4.wiwiss.fu-berlin.de/flickrwrappr/photos/Deserts_Chang,t
http://mpii.de/yago/resource/Deserts_Chang,t
http://dbpedia.org/resource/Deserts_Xuan,t
http://dbpedia.org/resource/Dou_Wei,q
http://es.dbpedia.org/resource/Dou_Wei,q
http://fr.dbpedia.org/resource/Dou_Wei,q
http://it.dbpedia.org/resource/Dou_Wei,q
http://rdf.freebase.com/ns/m.02w18p,q
http://wikidata.dbpedia.org/resource/Q64814,q
http://www.wikidata.org/entity/Q64814,q
http://zh-yue.dbpedia.org/resource/竇唯,q
http://zh.dbpedia.org/resource/窦唯,q
http://rdf.freebase.com/ns/m/02w18p,q
http://wikidata.org/entity/Q64814,q
http://yago-knowledge.org/resource/Dou_Wei,q
http://dbtune.org/musicbrainz/resource/artist/57488107-e763-4955-abc2-f279548ffe9a,q
http://musicbrainz.org/artist/57488107-e763-4955-abc2-f279548ffe9a#_,q
http://www4.wiwiss.fu-berlin.de/flickrwrappr/photos/Dou_Wei,q
http://mpii.de/yago/resource/Dou_Wei,q
http://dbpedia.org/resource/Exposed_(CoCo_Lee_album),c
http://mpii.de/yago/resource/Exposed_%28CoCo_Lee_album%29,c
http://mpii.de/yago/resource/Exposed_(CoCo_Lee_album),c
http://sk.dbpedia.org/resource/Wang_Fej,f
http://wikidata.dbpedia.org/resource/Q464650,f
http://zitgist.com/music/artist/692e367d-2846-442d-b13d-1177c3681c65,f
http://fa.dbpedia.org/resource/فی_ونگ,f
http://rdf.freebase.com/ns/guid.9202a8c04000641f80000000001b861c,f
http://rdf.freebase.com/ns/m/01r1jx,f
http://wikidata.org/entity/Q464650,f
http://yago-knowledge.org/resource/Faye_Wong,f
http://dbtune.org/musicbrainz/resource/artist/692e367d-2846-442d-b13d-1177c3681c65,f
http://musicbrainz.org/artist/692e367d-2846-442d-b13d-1177c3681c65#_,f
http://www4.wiwiss.fu-berlin.de/flickrwrappr/photos/Faye_Wong,f
http://dbpedia.org/resource/Fei_Ge,e
http://dbpedia.org/resource/Fuzao,f
"http://fr.dbpedia.org/resource/Restless_(album,_1996)",f
http://fr.dbpedia.org/resource/Restless_(album_de_Faye_Wong),f
http://wikidata.dbpedia.org/resource/Q3427974,f
http://www.wikidata.org/entity/Q3427974,f
http://zh.dbpedia.org/resource/浮躁,f
http://wikidata.org/entity/Q3427974,f
http://dbpedia.org/resource/G%C7%92ng_L%C3%AC,g
http://dbpedia.org/resource/Gǒng_Lì,g
http://dbpedia.org/resource/Gary_Cao,w
http://mpii.de/yago/resource/Gary_Cao,w
http://dbpedia.org/resource/Gary_Chaw,w
http://es.dbpedia.org/resource/Gary_Chaw,w
http://id.dbpedia.org/resource/Gary_Chaw,w
http://it.dbpedia.org/resource/Gary_Cao,w
http://ja.dbpedia.org/resource/曹格,w
http://ms.dbpedia.org/resource/Gary_Chaw,w
http://th.dbpedia.org/resource/เฉาเก๋อ,w
http://wikidata.dbpedia.org/resource/Q712926,w
http://www.wikidata.org/entity/Q712926,w
http://zh.dbpedia.org/resource/曹格,w
http://rdf.freebase.com/ns/m/02pln_j,w
http://wikidata.org/entity/Q712926,w
http://yago-knowledge.org/resource/Gary_Chaw,w
http://dbtune.org/musicbrainz/resource/artist/c6e4c1a5-695e-4f7a-a69f-55081cf2e170,w
http://musicbrainz.org/artist/c6e4c1a5-695e-4f7a-a69f-55081cf2e170#_,w
http://www4.wiwiss.fu-berlin.de/flickrwrappr/photos/Gary_Chaw,w
http://mpii.de/yago/resource/Gary_Chaw,w
http://dbpedia.org/resource/Gary_cao,w
http://dbpedia.org/resource/Giong_Lim,1
http://rdf.freebase.com/ns/guid.9202a8c04000641f80000000007a8a16,1
http://dbpedia.org/resource/Gong_L%C3%AC,g
http://dbpedia.org/resource/Gong_Lì,g
http://dbpedia.org/resource/Gong_Lee,g
http://sw.cyc.com/concept/Mx4rvbBINZwpEbGdrcN5Y29ycA,g
http://sw.opencyc.org/concept/Mx4rvbBINZwpEbGdrcN5Y29ycA,g
http://wikidata.dbpedia.org/resource/Q150903,g
http://gl.dbpedia.org/resource/Gong_Li,g
http://mg.dbpedia.org/resource/Gong_Li,g
http://mn.dbpedia.org/resource/Гун_Ли,g
http://rdf.freebase.com/ns/m/0139t1,g
http://simple.dbpedia.org/resource/Gong_Li,g
http://wikidata.org/entity/Q150903,g
http://yago-knowledge.org/resource/Gong_Li,g
http://dbtune.org/musicbrainz/resource/artist/97a27018-56ac-4e91-92be-06b7817aa4b4,g
http://musicbrainz.org/artist/97a27018-56ac-4e91-92be-06b7817aa4b4#_,g
http://www4.wiwiss.fu-berlin.de/flickrwrappr/photos/Gong_Li,g
http://sw.opencyc.org/2008/06/10/concept/en/GongLi,g
http://dbpedia.org/resource/Gong_li,g
http://dbpedia.org/resource/Han_Hong,v
http://wikidata.dbpedia.org/resource/Q5646597,v
http://www.wikidata.org/entity/Q5646597,v
http://rdf.freebase.com/ns/guid.9202a8c04000641f80000000055a85bd,v
http://wikidata.org/entity/Q5646597,v
http://dbtune.org/musicbrainz/resource/artist/bcb0505f-7884-4a13-a210-760e1b4f651f,v
http://mpii.de/yago/resource/Han_Hong,v
http://dbpedia.org/resource/Han_Hong_%28singer%29,v
http://dbpedia.org/resource/He_Jie,n
http://es.dbpedia.org/resource/He_Jie,n
http://ja.dbpedia.org/resource/何潔,n
http://rdf.freebase.com/ns/m.052182c,n
http://wikidata.dbpedia.org/resource/Q837473,n
http://www.wikidata.org/entity/Q837473,n
http://zh.dbpedia.org/resource/何洁,n
http://rdf.freebase.com/ns/guid.9202a8c04000641f800000000a20a04b,n
http://rdf.freebase.com/ns/m/052182c,n
http://wikidata.org/entity/Q837473,n
http://yago-knowledge.org/resource/He_Jie,n
http://www4.wiwiss.fu-berlin.de/flickrwrappr/photos/He_Jie,n
http://mpii.de/yago/resource/He_Jie,n
http://dbpedia.org/resource/Hejie,n
http://dbpedia.org/resource/Hero_%28Faye_Wong_song%29,f
http://dbpedia.org/resource/Hero_(Faye_Wong_song),f
http://dbpedia.org/resource/Hu_Ge,h
http://es.dbpedia.org/resource/Hu_Ge,h
http://fr.dbpedia.org/resource/Hu_Ge,h
http://it.dbpedia.org/resource/Hu_Ge,h
http://ko.dbpedia.org/resource/호가,h
http://wikidata.dbpedia.org/resource/Q11773373,h
http://www.wikidata.org/entity/Q11773373,h
http://zh.dbpedia.org/resource/胡歌,h
http://wikidata.org/entity/Q11773373,h
http://rdf.freebase.com/ns/guid.9202a8c04000641f80000000046d8786,h
http://rdf.freebase.com/ns/m.026w1x6,h
http://vi.dbpedia.org/resource/Hồ_Ca,h
http://wikidata.dbpedia.org/resource/Q1101496,h
http://www.wikidata.org/entity/Q1101496,h
http://th.dbpedia.org/resource/หู_เกอ_(นักแสดง),h
http://wikidata.org/entity/Q1101496,h
http://yago-knowledge.org/resource/Hu_Ge_(actor),h
http://dbtune.org/musicbrainz/resource/artist/69d09a21-ca65-4fe0-b0d0-6263bb1b3f96,h
http://musicbrainz.org/artist/69d09a21-ca65-4fe0-b0d0-6263bb1b3f96#_,h
http://dbpedia.org/resource/Hua_Yanjun,a
http://dbpedia.org/resource/Janice_%28singer%29,k
http://rdf.freebase.com/ns/guid.9202a8c04000641f800000000091e05e,k
http://dbpedia.org/resource/Janice_Vidal,k
http://es.dbpedia.org/resource/Janice_Vidal,k
http://ja.dbpedia.org/resource/ジャニス・ビダル,k
http://ko.dbpedia.org/resource/재니스_비달,k
http://rdf.freebase.com/ns/m.093s2z,k
http://tl.dbpedia.org/resource/Janice_Vidal,k
http://wikidata.dbpedia.org/resource/Q710503,k
http://www.wikidata.org/entity/Q710503,k
http://zh.dbpedia.org/resource/衛蘭,k
http://rdf.freebase.com/ns/m/093s2z,k
http://umbel.org/umbel/ne/wikipedia/Janice_Vidal,k
http://wikidata.org/entity/Q710503,k
http://yago-knowledge.org/resource/Janice_Vidal,k
http://dbtune.org/musicbrainz/resource/artist/7e5b5c8a-bd9f-4106-bce0-e97fd14f6a6d,k
http://musicbrainz.org/artist/7e5b5c8a-bd9f-4106-bce0-e97fd14f6a6d#_,k
http://www4.wiwiss.fu-berlin.de/flickrwrappr/photos/Janice_Vidal,k
http://mpii.de/yago/resource/Janice_Vidal,k
http://dbpedia.org/resource/Janice_Vidal_%28Wei%29,k
http://dbpedia.org/resource/Janice_Wei,k
http://dbpedia.org/resource/Janice_m.vidal,k
http://dbpedia.org/resource/Janice_vidal,k
http://dbpedia.org/resource/Jian_Cui,j
http://dbpedia.org/resource/Just_Want_You,c
http://rdf.freebase.com/ns/m.02w7knk,c
http://rdf.freebase.com/ns/guid.9202a8c04000641f8000000005b3c691,c
http://rdf.freebase.com/ns/m/02w7knk,c
http://www4.wiwiss.fu-berlin.de/flickrwrappr/photos/Just_Want_You,c
http://mpii.de/yago/resource/Just_Want_You,c
http://dbpedia.org/resource/Lai_Ming,m
http://rdf.freebase.com/ns/guid.9202a8c04000641f800000000017dc46,m
http://rdf.freebase.com/ns/m.01hr26,m
http://dbpedia.org/resource/Landy_Wen,p
http://es.dbpedia.org/resource/Landy_Wen,p
http://it.dbpedia.org/resource/Landy_Wen,p
http://rdf.freebase.com/ns/m.07gd4b,p
http://wikidata.dbpedia.org/resource/Q3826803,p
http://www.wikidata.org/entity/Q3826803,p
http://zh.dbpedia.org/resource/溫嵐,p
http://rdf.freebase.com/ns/guid.9202a8c04000641f800000000077308a,p
http://rdf.freebase.com/ns/m/07gd4b,p
http://wikidata.org/entity/Q3826803,p
http://yago-knowledge.org/resource/Landy_Wen,p
http://dbtune.org/musicbrainz/resource/artist/c75ab3cf-cd43-4c52-9a4c-913ea2b78420,p
http://musicbrainz.org/artist/c75ab3cf-cd43-4c52-9a4c-913ea2b78420#_,p
http://www4.wiwiss.fu-berlin.de/flickrwrappr/photos/Landy_Wen,p
http://mpii.de/yago/resource/Landy_Wen,p
http://dbpedia.org/resource/Landy_wen,p
http://dbpedia.org/resource/Lang_Lang,l
http://de.dbpedia.org/resource/Lang_Lang_(Begriffsklärung),l
http://it.dbpedia.org/resource/Lang_Lang,l
http://wikidata.dbpedia.org/resource/Q1207944,l
http://www.wikidata.org/entity/Q1207944,l
http://wikidata.org/entity/Q1207944,l
http://zitgist.com/music/artist/43e1570a-1a0d-479f-9c95-fba971aec91a,l
http://www4.wiwiss.fu-berlin.de/flickrwrappr/photos/Lang_Lang,l
http://wikidata.dbpedia.org/resource/Q155713,l
http://oc.dbpedia.org/resource/Lang_Lang_(pianista),l
http://wikidata.org/entity/Q155713,l
http://yago-knowledge.org/resource/Lang_Lang_(pianist),l
http://dbtune.org/musicbrainz/resource/artist/43e1570a-1a0d-479f-9c95-fba971aec91a,l
http://musicbrainz.org/artist/43e1570a-1a0d-479f-9c95-fba971aec91a#_,l
http://mpii.de/yago/resource/Lang_Lang_%28pianist%29,l
http://mpii.de/yago/resource/Lang_Lang_(pianist),l
http://dbpedia.org/resource/Lang_Pig,l
http://dbpedia.org/resource/Lang_pig,l
http://es.dbpedia.org/resource/Leon_Lai,m
http://fr.dbpedia.org/resource/Leon_Lai,m
http://it.dbpedia.org/resource/Leon_Lai,m
http://ja.dbpedia.org/resource/レオン・ライ,m
http://ko.dbpedia.org/resource/리밍,m
http://ko.dbpedia.org/resource/여명_(1966년),m
http://ko.dbpedia.org/resource/여명_(배우),m
http://th.dbpedia.org/resource/หลี่_หมิง,m
http://vi.dbpedia.org/resource/Lê_Minh,m
http://wikidata.dbpedia.org/resource/Q16836,m
http://www.wikidata.org/entity/Q16836,m
http://zh-yue.dbpedia.org/resource/黎明,m
http://zh.dbpedia.org/resource/黎明,m
http://oc.dbpedia.org/resource/Leon_Lai,m
http://wikidata.org/entity/Q16836,m
http://yago-knowledge.org/resource/Leon_Lai,m
http://dbtune.org/musicbrainz/resource/artist/603976ae-5e99-4126-8406-23bf7134433c,m
http://musicbrainz.org/artist/603976ae-5e99-4126-8406-23bf7134433c#_,m
http://dbpedia.org/resource/Leon_Lai_Ming,m
http://dbpedia.org/resource/Li_M%C3%ADng,m
http://dbpedia.org/resource/Li_Míng,m
http://dbpedia.org/resource/Li_Meilin,c
http://dbpedia.org/resource/Li_Wen,c
http://wikidata.dbpedia.org/resource/Q6539141,c
http://www.wikidata.org/entity/Q6539141,c
http://wikidata.org/entity/Q6539141,c
http://fi.dbpedia.org/resource/Lim_Giong,1
http://ja.dbpedia.org/resource/林強,1
http://rdf.freebase.com/ns/m.07p2jq,1
http://wikidata.dbpedia.org/resource/Q710475,1
http://www.wikidata.org/entity/Q710475,1
http://zh-min-nan.dbpedia.org/resource/Lîm_Kiông,1
http://zh.dbpedia.org/resource/林強,1
http://rdf.freebase.com/ns/m/07p2jq,1
http://wikidata.org/entity/Q710475,1
http://yago-knowledge.org/resource/Lim_Giong,1
http://zitgist.com/music/artist/c8502d7b-d8d8-4ed7-b80b-7c0810f4354c,1
http://dbtune.org/musicbrainz/resource/artist/c8502d7b-d8d8-4ed7-b80b-7c0810f4354c,1
http://musicbrainz.org/artist/c8502d7b-d8d8-4ed7-b80b-7c0810f4354c#_,1
http://www4.wiwiss.fu-berlin.de/flickrwrappr/photos/Lim_Giong,1
http://mpii.de/yago/resource/Lim_Giong,1
http://dbpedia.org/resource/Lin_Chiang,1
http://dbpedia.org/resource/Lin_Qiang,1
http://dbpedia.org/resource/Lin_Xi,i
http://wikidata.dbpedia.org/resource/Q698511,i
http://www.wikidata.org/entity/Q698511,i
http://wikidata.org/entity/Q698511,i
http://dbpedia.org/resource/Lin_chiang,1
http://dbpedia.org/resource/Lin_qiang,1
http://dbpedia.org/resource/Lu_Rui_En,r
http://dbpedia.org/resource/Na%2C_Ying,y
"http://dbpedia.org/resource/Na,_Ying",y
http://rdf.freebase.com/ns/m.01mrdr8,y
http://dbpedia.org/resource/Na_Ying,y
http://es.dbpedia.org/resource/Na_Ying,y
http://it.dbpedia.org/resource/Na_Ying,y
http://ja.dbpedia.org/resource/那英,y
http://wikidata.dbpedia.org/resource/Q708923,y
http://www.wikidata.org/entity/Q708923,y
http://zh.dbpedia.org/resource/那英,y
http://rdf.freebase.com/ns/m/01mrdr8,y
http://wikidata.org/entity/Q708923,y
http://yago-knowledge.org/resource/Na_Ying,y
http://dbtune.org/musicbrainz/resource/artist/6aa74244-000b-4932-b003-b0636281931e,y
http://musicbrainz.org/artist/6aa74244-000b-4932-b003-b0636281931e#_,y
http://www4.wiwiss.fu-berlin.de/flickrwrappr/photos/Na_Ying,y
http://mpii.de/yago/resource/Na_Ying,y
http://dbpedia.org/resource/Na_ying,y
http://dbpedia.org/resource/Natasha_Na,y
http://dbpedia.org/resource/Phil_Chang,2
http://es.dbpedia.org/resource/Phil_Chang,2
http://it.dbpedia.org/resource/Phil_Chang,2
http://rdf.freebase.com/ns/m.01qlc71,2
http://wikidata.dbpedia.org/resource/Q709162,2
http://www.wikidata.org/entity/Q709162,2
http://zh-yue.dbpedia.org/resource/張宇,2
http://zh.dbpedia.org/resource/張宇,2
http://rdf.freebase.com/ns/guid.9202a8c04000641f8000000005a8d4f5,2
http://rdf.freebase.com/ns/m/01qlc71,2
http://umbel.org/umbel/ne/wikipedia/Phil_Chang,2
http://wikidata.org/entity/Q709162,2
http://yago-knowledge.org/resource/Phil_Chang,2
http://www4.wiwiss.fu-berlin.de/flickrwrappr/photos/Phil_Chang,2
http://mpii.de/yago/resource/Phil_Chang,2
http://dbpedia.org/resource/Restless_(Faye_Wong_album),f
http://rdf.freebase.com/ns/m.02z483p,f
http://yago-knowledge.org/resource/Restless_(Faye_Wong_album),f
http://dbtune.org/musicbrainz/resource/record/aaaa593a-8389-4be0-b0df-d87aa9e739cd,f
http://mpii.de/yago/resource/Restless_%28Faye_Wong_album%29,f
http://mpii.de/yago/resource/Restless_(Faye_Wong_album),f
http://dbpedia.org/resource/Rui%27en,r
http://dbpedia.org/resource/Rui_En,r
http://rdf.freebase.com/ns/m.03xpjp2,r
http://wikidata.dbpedia.org/resource/Q7378705,r
http://www.wikidata.org/entity/Q7378705,r
http://zh.dbpedia.org/resource/瑞恩,r
http://rdf.freebase.com/ns/m/03xpjp2,r
http://wikidata.org/entity/Q7378705,r
http://yago-knowledge.org/resource/Rui_En,r
http://dbtune.org/musicbrainz/resource/artist/81efe814-a500-4ae5-8c9c-1b9d4c466663,r
http://musicbrainz.org/artist/81efe814-a500-4ae5-8c9c-1b9d4c466663#_,r
http://www4.wiwiss.fu-berlin.de/flickrwrappr/photos/Rui_En,r
http://mpii.de/yago/resource/Rui_En,r
http://dbpedia.org/resource/Shirley_Wong,f
http://dbpedia.org/resource/Stephanie_Cheng,3
http://es.dbpedia.org/resource/Stephanie_Cheng,3
http://ja.dbpedia.org/resource/ステファニー・チェン,3
http://rdf.freebase.com/ns/m.0364lh,3
http://wikidata.dbpedia.org/resource/Q6135815,3
http://www.wikidata.org/entity/Q6135815,3
http://zh.dbpedia.org/resource/鄭融,3
http://rdf.freebase.com/ns/guid.9202a8c04000641f800000000033124f,3
http://rdf.freebase.com/ns/m/0364lh,3
http://wikidata.org/entity/Q6135815,3
http://yago-knowledge.org/resource/Stephanie_Cheng,3
http://dbtune.org/musicbrainz/resource/artist/9126cb67-035c-4313-9ff9-0724bc412371,3
http://musicbrainz.org/artist/9126cb67-035c-4313-9ff9-0724bc412371#_,3
http://www4.wiwiss.fu-berlin.de/flickrwrappr/photos/Stephanie_Cheng,3
http://mpii.de/yago/resource/Stephanie_Cheng,3
http://dbpedia.org/resource/Stephanie_cheng,3
http://dbpedia.org/resource/T%C3%A1o_X%C3%B9_Zh%C5%8Dng,d
http://dbpedia.org/resource/Táo_Xù_Zhōng,d
http://dbpedia.org/resource/T%C3%A1o_X%C3%B9zh%C5%8Dng,d
http://dbpedia.org/resource/Táo_Xùzhōng,d
http://dbpedia.org/resource/T%C3%A1o_Zh%C3%A9,d
http://dbpedia.org/resource/Táo_Zhé,d
http://dbpedia.org/resource/Tao_David,d
http://dbpedia.org/resource/Tao_Xu_Zhong,d
http://dbpedia.org/resource/Tao_Xuzhong,d
http://dbpedia.org/resource/Tao_Zhe,d
http://dbpedia.org/resource/Tou_Wei,q
http://dbpedia.org/resource/Vicki_Zhao,z
http://dbpedia.org/resource/Vicki_Zhao_Wei,z
http://dbpedia.org/resource/Vicky_Zhao,z
http://dbpedia.org/resource/W%C3%A1ng_Fei,f
http://dbpedia.org/resource/Wáng_Fei,f
http://dbpedia.org/resource/Wei_Lan,k
http://dbpedia.org/resource/Wen_Lan,p
http://dbpedia.org/resource/Wenlan,p
http://dbpedia.org/resource/West_Side_(JJ_Lin_album),4
http://dbtune.org/musicbrainz/resource/record/e7d55782-0262-4527-88ad-7525308d5d4d,4
http://rdf.freebase.com/ns/m.02vmlxk,4
http://mpii.de/yago/resource/West_Side_(JJ_Lin_album),4
http://dbpedia.org/resource/West_Side_(album),4
http://wikidata.dbpedia.org/resource/Q7986494,4
http://www.wikidata.org/entity/Q7986494,4
http://zh.dbpedia.org/resource/西界,4
http://wikidata.org/entity/Q7986494,4
http://yago-knowledge.org/resource/West_Side_(album),4
http://mpii.de/yago/resource/West_Side_%28album%29,4
http://dbpedia.org/resource/Wong_Faye,f
http://dbpedia.org/resource/Xia_Lin,5
http://dbpedia.org/resource/Xun_Zhou,o
http://rdf.freebase.com/ns/guid.9202a8c04000641f8000000000d9715b,o
http://dbpedia.org/resource/Zh%C3%A9_David_T%C3%A1o,d
http://dbpedia.org/resource/Zhé_David_Táo,d
http://dbpedia.org/resource/Zh%C3%A9_T%C3%A1o,d
http://dbpedia.org/resource/Zhé_Táo,d
http://dbpedia.org/resource/Zhang_Fei%28Celebrity%29,e
http://dbpedia.org/resource/Zhang_Fei(Celebrity),e
http://dbpedia.org/resource/Zhang_Fei_%28celebrity%29,e
http://dbpedia.org/resource/Zhang_Fei_(celebrity),e
http://dbpedia.org/resource/Zhang_Yu,2
http://hu.dbpedia.org/resource/Csang_Jü_(egyértelműsítő_lap),2
http://tl.dbpedia.org/resource/Zhang_Yu,2
http://wikidata.dbpedia.org/resource/Q870504,2
http://www.wikidata.org/entity/Q870504,2
http://wikidata.org/entity/Q870504,2
http://wikidata.dbpedia.org/resource/Q197471,z
http://fa.dbpedia.org/resource/ژائو_وی,z
http://mn.dbpedia.org/resource/Жао_Вэй,z
http://rdf.freebase.com/ns/m/05z68y,z
http://wikidata.org/entity/Q197471,z
http://yago-knowledge.org/resource/Zhao_Wei,z
http://dbtune.org/musicbrainz/resource/artist/b912817f-c95b-4b07-b101-3b900d4137f6,z
http://musicbrainz.org/artist/b912817f-c95b-4b07-b101-3b900d4137f6#_,z
http://www4.wiwiss.fu-berlin.de/flickrwrappr/photos/Zhao_Wei,z
http://dbpedia.org/resource/Zhao_wei,z
http://dbpedia.org/resource/Zhaowei,z
http://dbpedia.org/resource/Zhe_David_Tao,d
http://dbpedia.org/resource/Zhe_Tao,d
http://dbpedia.org/resource/Zhou_Xiaohong,s
http://es.dbpedia.org/resource/Zhou_Xuan,s
http://fi.dbpedia.org/resource/Zhou_Xuan,s
http://fr.dbpedia.org/resource/Zhou_Xuan,s
http://it.dbpedia.org/resource/Zhou_Xuan,s
http://ja.dbpedia.org/resource/周セン,s
http://ko.dbpedia.org/resource/저우쉬안,s
http://ko.dbpedia.org/resource/주선_(가수),s
http://nl.dbpedia.org/resource/Zhou_Xuan,s
http://no.dbpedia.org/resource/Zhou_Xuan,s
http://ru.dbpedia.org/resource/Чжоу_Сюань,s
http://th.dbpedia.org/resource/โจว_เสวียน,s
http://wikidata.dbpedia.org/resource/Q1207860,s
http://www.wikidata.org/entity/Q1207860,s
http://zh.dbpedia.org/resource/周璇,s
http://rdf.freebase.com/ns/m/0514h2,s
http://wikidata.org/entity/Q1207860,s
http://yago-knowledge.org/resource/Zhou_Xuan,s
http://dbtune.org/musicbrainz/resource/artist/51c3f650-25bc-4ea9-b25a-ef600af6ef80,s
http://musicbrainz.org/artist/51c3f650-25bc-4ea9-b25a-ef600af6ef80#_,s
http://www4.wiwiss.fu-berlin.de/flickrwrappr/photos/Zhou_Xuan,s
http://wikidata.dbpedia.org/resource/Q198030,o
http://mn.dbpedia.org/resource/Жоу_Шюнь,o
http://rdf.freebase.com/ns/m/0flxbw,o
http://wikidata.org/entity/Q198030,o
http://yago-knowledge.org/resource/Zhou_Xun,o
http://dbtune.org/musicbrainz/resource/artist/ca46ca12-82c0-4c0f-955d-5d56c6b95460,o
http://musicbrainz.org/artist/ca46ca12-82c0-4c0f-955d-5d56c6b95460#_,o
http://www4.wiwiss.fu-berlin.de/flickrwrappr/photos/Zhou_Xun,o
http://dbtune.org/musicbrainz/resource/artist/19f89a7c-008b-4433-91d7-1a1a68d1591d,2
http://www.bbc.co.uk/music/artists/19f89a7c-008b-4433-91d7-1a1a68d1591d#artist,2
http://zh.wikipedia.org/wiki/??,?
http://dbtune.org/musicbrainz/resource/artist/1bcca86e-484b-4666-b899-bc1ad866d124,6
http://www.bbc.co.uk/music/artists/1bcca86e-484b-4666-b899-bc1ad866d124#artist,6
http://dbtune.org/musicbrainz/resource/artist/21d690ae-1e28-4399-92e2-a5b8ab236d84,7
http://www.bbc.co.uk/music/artists/21d690ae-1e28-4399-92e2-a5b8ab236d84#artist,7
http://dbtune.org/musicbrainz/resource/artist/35380fb7-9c3b-48e1-bc10-42776793b217,8
http://www.bbc.co.uk/music/artists/35380fb7-9c3b-48e1-bc10-42776793b217#artist,8
http://www.bbc.co.uk/music/artists/38fe7fb3-2bde-4672-8016-2ba6f7d1808f#artist,d
http://www.bbc.co.uk/music/artists/43e1570a-1a0d-479f-9c95-fba971aec91a#artist,l
http://dbtune.org/musicbrainz/resource/artist/4558b189-74ed-4880-9e57-2af1721241aa,9
http://www.bbc.co.uk/music/artists/4558b189-74ed-4880-9e57-2af1721241aa#artist,9
http://www.bbc.co.uk/music/artists/51c3f650-25bc-4ea9-b25a-ef600af6ef80#artist,s
http://www.bbc.co.uk/music/artists/57488107-e763-4955-abc2-f279548ffe9a#artist,q
http://www.bbc.co.uk/music/artists/603976ae-5e99-4126-8406-23bf7134433c#artist,m
http://dbtune.org/musicbrainz/resource/artist/60ac21aa-6436-409d-8639-5ae3dd227427,0
http://www.bbc.co.uk/music/artists/60ac21aa-6436-409d-8639-5ae3dd227427#artist,0
http://www.bbc.co.uk/music/artists/692e367d-2846-442d-b13d-1177c3681c65#artist,f
http://dbtune.org/musicbrainz/resource/artist/69a68788-2d47-4518-8d43-9f2944ed611a,n
http://www.bbc.co.uk/music/artists/69a68788-2d47-4518-8d43-9f2944ed611a#artist,n
http://www.bbc.co.uk/music/artists/69d09a21-ca65-4fe0-b0d0-6263bb1b3f96#artist,h
http://www.bbc.co.uk/music/artists/6aa74244-000b-4932-b003-b0636281931e#artist,y
http://www.bbc.co.uk/music/artists/6d5993a7-ef89-41cd-88c8-9ac4d0b39b0c#artist,i
http://dbtune.org/musicbrainz/resource/artist/76d9cc87-40fd-498c-88b4-8ffc72d3a8b3,@
http://www.bbc.co.uk/music/artists/76d9cc87-40fd-498c-88b4-8ffc72d3a8b3#artist,@
http://www.bbc.co.uk/music/artists/7e5b5c8a-bd9f-4106-bce0-e97fd14f6a6d#artist,k
http://www.bbc.co.uk/music/artists/81efe814-a500-4ae5-8c9c-1b9d4c466663#artist,r
http://dbtune.org/musicbrainz/resource/artist/82ee7802-2bc7-4fa6-9bb2-028d1f285816,$
http://www.bbc.co.uk/music/artists/82ee7802-2bc7-4fa6-9bb2-028d1f285816#artist,$
http://www.bbc.co.uk/music/artists/9126cb67-035c-4313-9ff9-0724bc412371#artist,3
http://www.bbc.co.uk/music/artists/97a27018-56ac-4e91-92be-06b7817aa4b4#artist,g
http://dbtune.org/musicbrainz/resource/artist/a00beda3-77db-4931-a6ee-37cd4904cd1a,!
http://www.bbc.co.uk/music/artists/a00beda3-77db-4931-a6ee-37cd4904cd1a#artist,!
http://www.bbc.co.uk/music/artists/b1f39a1c-1b22-49db-bcb6-dd57ed3818bf#artist,e
http://www.bbc.co.uk/music/artists/b912817f-c95b-4b07-b101-3b900d4137f6#artist,z
http://www.bbc.co.uk/music/artists/bcb0505f-7884-4a13-a210-760e1b4f651f#artist,v
http://www.bbc.co.uk/music/artists/c6e4c1a5-695e-4f7a-a69f-55081cf2e170#artist,w
http://www.bbc.co.uk/music/artists/c75ab3cf-cd43-4c52-9a4c-913ea2b78420#artist,p
http://www.bbc.co.uk/music/artists/c8502d7b-d8d8-4ed7-b80b-7c0810f4354c#artist,1
http://zh-min-nan.wikipedia.org/wiki/L?m_Ki?ng,1
http://www.bbc.co.uk/music/artists/ca46ca12-82c0-4c0f-955d-5d56c6b95460#artist,o
http://dbtune.org/musicbrainz/resource/artist/cac463f6-6355-4670-8689-46f4a1413dda,^
http://www.bbc.co.uk/music/artists/cac463f6-6355-4670-8689-46f4a1413dda#artist,^
http://dbtune.org/musicbrainz/resource/artist/d44558d7-20c9-40ef-bb7e-7c826ae29e97,(
http://www.bbc.co.uk/music/artists/d44558d7-20c9-40ef-bb7e-7c826ae29e97#artist,(
http://www.bbc.co.uk/music/artists/d457f05e-8802-4888-83a6-b07d3df3bbf3#artist,j
http://www.bbc.co.uk/music/artists/d7dd2cd8-db65-4dc1-897b-957548393cf5#artist,t
http://www.bbc.co.uk/music/artists/f3fd7e43-aca4-4e25-9f2d-a5c992a575fc#artist,c
http://www.bbc.co.uk/music/artists/f96d6a53-2bcc-43af-b0b9-ed1718ea8afa#artist,a
http://dbtune.org/musicbrainz/resource/record/51607db2-1b81-4559-b19e-bce588a163cf,)
http://dbtune.org/musicbrainz/resource/record/800a08fd-8e63-4007-8c77-1956f3bd7779,f
http://de.dbpedia.org/resource/Lang_Lang_(Begriffskl%C3%A4rung),l
http://el.dbpedia.org/resource/%CE%93%CE%BA%CE%BF%CE%BD%CE%B3%CE%BA_%CE%9B%CE%B9,g
http://www.wikidata.org/entity/Q5969917,p
http://www.wikidata.org/entity/Q5947995,s
http://fa.dbpedia.org/resource/%DA%A9%DB%8C_%D8%AC%DB%8C%D9%86,j
http://fa.dbpedia.org/resource/%DA%AF%D9%88%D9%86%DA%AF_%D9%84%DB%8C,g
http://he.dbpedia.org/resource/%D7%92%D7%95%D7%A0%D7%92_%D7%9C%D7%99,g
http://he.dbpedia.org/resource/%D7%9C%D7%90%D7%A0%D7%92_%D7%9C%D7%90%D7%A0%D7%92,l
http://hu.dbpedia.org/resource/Csang_J%C3%BC_(egy%C3%A9rtelm%C5%B1s%C3%ADt%C5%91_lap),2
http://ja.dbpedia.org/resource/%E3%82%B3%E3%82%B3%E3%83%BB%E3%83%AA%E3%83%BC,c
http://ja.dbpedia.org/resource/%E3%82%B3%E3%83%B3%E3%83%BB%E3%83%AA%E3%83%BC,g
http://ja.dbpedia.org/resource/%E3%82%B8%E3%83%A3%E3%83%8B%E3%82%B9%E3%83%BB%E3%83%93%E3%83%80%E3%83%AB,k
http://ja.dbpedia.org/resource/%E3%82%B9%E3%83%86%E3%83%95%E3%82%A1%E3%83%8B%E3%83%BC%E3%83%BB%E3%83%81%E3%82%A7%E3%83%B3,3
http://ja.dbpedia.org/resource/%E3%83%A9%E3%83%B3%E3%83%BB%E3%83%A9%E3%83%B3,l
http://ja.dbpedia.org/resource/%E3%83%AC%E3%82%AA%E3%83%B3%E3%83%BB%E3%83%A9%E3%82%A4,m
http://ja.dbpedia.org/resource/%E3%83%B4%E3%82%A3%E3%83%83%E3%82%AD%E3%83%BC%E3%83%BB%E3%83%81%E3%83%A3%E3%82%AA,z
http://ja.dbpedia.org/resource/%E4%BD%95%E6%BD%94,n
http://ja.dbpedia.org/resource/%E5%91%A8%E3%82%BB%E3%83%B3,s
http://ja.dbpedia.org/resource/%E5%91%A8%E8%BF%85,o
http://ja.dbpedia.org/resource/%E5%B4%94%E5%81%A5,j
http://ja.dbpedia.org/resource/%E6%9B%B9%E6%A0%BC,w
http://ja.dbpedia.org/resource/%E6%9E%97%E5%BC%B7,1
http://ja.dbpedia.org/resource/%E7%8E%8B%E8%8F%B2,f
http://ja.dbpedia.org/resource/%E9%82%A3%E8%8B%B1,y
http://ja.dbpedia.org/resource/%E9%99%B6%E3%82%B8%E3%83%A3%E3%83%BC,d
http://kk.dbpedia.org/resource/%D0%93%D1%83%D0%BD_%D0%9B%D0%B8,g
http://kk.dbpedia.org/resource/%D0%A7%D0%B6%D0%B0%D0%BE_%D0%92%D1%8D%D0%B9,z
http://kk.dbpedia.org/resource/%D0%A7%D0%B6%D0%BE%D1%83_%D0%A1%D1%83%D0%BD%D1%8C,o
http://ko.dbpedia.org/resource/%EA%B6%81%EB%A6%AC,g
http://ko.dbpedia.org/resource/%EB%A6%AC%EB%B0%8D,m
http://ko.dbpedia.org/resource/%EC%97%AC%EB%AA%85_(%EB%B0%B0%EC%9A%B0),m
http://ko.dbpedia.org/resource/%EC%97%AC%EB%AA%85_(1966%EB%85%84),m
http://ko.dbpedia.org/resource/%EC%99%95%ED%8E%98%EC%9D%B4,f
http://ko.dbpedia.org/resource/%EC%9E%90%EC%98%A4%EC%9B%A8%EC%9D%B4,z
http://ko.dbpedia.org/resource/%EC%9E%AC%EB%8B%88%EC%8A%A4_%EB%B9%84%EB%8B%AC,k
http://ko.dbpedia.org/resource/%EC%A0%80%EC%9A%B0%EC%89%B0,o
http://ko.dbpedia.org/resource/%EC%A3%BC%EC%84%A0_(%EA%B0%80%EC%88%98),s
http://ko.dbpedia.org/resource/%EC%B5%9C%EA%B1%B4,j
http://ko.dbpedia.org/resource/%ED%98%B8%EA%B0%80,h
http://rdf.freebase.com/ns/m.0nbd1wt,m
http://www.wikidata.org/entity/Q12594375,m
http://lodlaundromat.org/.well-known/genid/03831252e36d1745c5c67f1ffbb22143#genid96xxhttpx3Ax2Fx2Fdbtunex2Eorgx2Flastx2Dfmx2FKex78triix2Erdf,f
http://lodlaundromat.org/.well-known/genid/23b57567ec57ee0dec5e485be3fe333d#genid220xxhttpx3Ax2Fx2Fdbtunex2Eorgx2Flastx2Dfmx2Ffinkkx2Erdf,f
http://lodlaundromat.org/.well-known/genid/38521598234062fff1b97201d52abce5#genid11xxhttpx3Ax2Fx2Fdbtunex2Eorgx2Flastx2Dfmx2Fhclamaucx2Erdf,f
http://lodlaundromat.org/.well-known/genid/38521598234062fff1b97201d52abce5#genid14xxhttpx3Ax2Fx2Fdbtunex2Eorgx2Flastx2Dfmx2Fhclamaucx2Erdf,f
http://lodlaundromat.org/.well-known/genid/38521598234062fff1b97201d52abce5#genid8xxhttpx3Ax2Fx2Fdbtunex2Eorgx2Flastx2Dfmx2Fhclamaucx2Erdf,f
http://lodlaundromat.org/.well-known/genid/3cc565f3ac3eb0ebcfd539d0a7f8fc68#genid99httpx3Ax2Fx2Fdbtunex2Eorgx2Flastx2Dfmx2FJoey1591x2Erdf,f
http://lodlaundromat.org/.well-known/genid/4f3f62799a3787a320d50f7baae0b78e#genid106httpx3Ax2Fx2Fdbtunex2Eorgx2Flastx2Dfmx2Finn3rflowx2Erdf,l
http://lodlaundromat.org/.well-known/genid/4f3f62799a3787a320d50f7baae0b78e#genid18httpx3Ax2Fx2Fdbtunex2Eorgx2Flastx2Dfmx2Flegend212121x2Erdf,f
http://lodlaundromat.org/.well-known/genid/51cbb328432a6930f7c13572d2dea57e#genid32xxhttpx3Ax2Fx2Fdbtunex2Eorgx2Flastx2Dfmx2Fnyoix2Erdf,f
http://lodlaundromat.org/.well-known/genid/5936e5148e56986fa6bead3e5519b718#node145xxhttpx3Ax2Fx2Fdbtunex2Eorgx2Flastx2Dfmx2FAyamichanx2Erdf,f
http://lodlaundromat.org/.well-known/genid/62da50650f722cdda1d444882bbb4047#genid13xxhttpx3Ax2Fx2Fdbtunex2Eorgx2Flastx2Dfmx2Fdayshavegonebyx2Erdf,f
http://lodlaundromat.org/.well-known/genid/6d167346faae71f11f7d5e9c54adbc48#node117xxhttpx3Ax2Fx2Fdbtunex2Eorgx2Flastx2Dfmx2FAyamichanx2Erdf,f
http://lodlaundromat.org/.well-known/genid/80fdf48c30c40092b1fc4bba98f1864d#genid33xxhttpx3Ax2Fx2Fdbtunex2Eorgx2Flastx2Dfmx2FDcountx2Erdf,f
http://lodlaundromat.org/.well-known/genid/957b41e165280b0cb319ada71893d933#genid366xxhttpx3Ax2Fx2Fdbtunex2Eorgx2Flastx2Dfmx2FPollySteinx2Erdf,f
http://lodlaundromat.org/.well-known/genid/a8dd03c1710960e191dba25817d87a85#genid219xxhttpx3Ax2Fx2Fdbtunex2Eorgx2Flastx2Dfmx2Ffivecatssyx2Erdf,f
http://lodlaundromat.org/.well-known/genid/b3e6c6e45e0f2546a2c1c8a17176731d#genid16httpx3Ax2Fx2Fdbtunex2Eorgx2Flastx2Dfmx2Fflowerswingx2Erdf,f
http://lodlaundromat.org/.well-known/genid/b4d790c6fd52d1029938cbe4a1372513#genid124xxhttpx3Ax2Fx2Fdbtunex2Eorgx2Flastx2Dfmx2FCidsax2Erdf,f
http://lodlaundromat.org/.well-known/genid/b4d790c6fd52d1029938cbe4a1372513#genid68xxhttpx3Ax2Fx2Fdbtunex2Eorgx2Flastx2Dfmx2Fankleleex2Erdf,f
http://lodlaundromat.org/.well-known/genid/b749090bacea68a154aa0fca34653073#genid4httpx3Ax2Fx2Fdbtunex2Eorgx2Flastx2Dfmx2Fkevin77x2Erdf,f
http://lodlaundromat.org/.well-known/genid/c0f1366f5e5deae327b47ba6e116bbc1#node74xxhttpx3Ax2Fx2Fdbtunex2Eorgx2Flastx2Dfmx2FAyamichanx2Erdf,f
http://lodlaundromat.org/.well-known/genid/e5ef22f6f66d78bfac95343f2fdbfb99#genid21xxhttpx3Ax2Fx2Fdbtunex2Eorgx2Flastx2Dfmx2Fduierx2Erdf,f
http://lodlaundromat.org/.well-known/genid/f19ddc818a48357fe7615aaaf5eef8a2#genid7httpx3Ax2Fx2Fdbtunex2Eorgx2Flastx2Dfmx2Fkevin77x2Erdf,f
http://lodlaundromat.org/.well-known/genid/fc8dc81a61bfbd9f988f158dd67a6a4c#genid26httpx3Ax2Fx2Fdbtunex2Eorgx2Flastx2Dfmx2Fadaniax2Erdf,f
http://lodlaundromat.org/.well-known/genid/fc8dc81a61bfbd9f988f158dd67a6a4c#genid26httpx3Ax2Fx2Fdbtunex2Eorgx2Flastx2Dfmx2Fdreamwithmusicx2Erdf,f
http://mr.dbpedia.org/resource/%E0%A4%95%E0%A5%8B%E0%A4%82%E0%A4%97_%E0%A4%B2%E0%A5%80,g
http://ne.dbpedia.org/resource/%E0%A4%97%E0%A5%8B%E0%A4%99_%E0%A4%B2%E0%A5%80,g
http://www.bbc.co.uk/music/artists/12f44aae-fdb3-3fd5-b54f-e9ff28178519#artist,c
http://www.bbc.co.uk/music/artists/9191fe68-7ffb-4f68-a10f-a7881e511f7e#artist,f
http://ru.dbpedia.org/resource/%D0%92%D0%B0%D0%BD_%D0%A4%D1%8D%D0%B9_(%D0%BF%D0%B5%D0%B2%D0%B8%D1%86%D0%B0),f
http://ru.dbpedia.org/resource/%D0%93%D1%83%D0%BD_%D0%9B%D0%B8,g
http://ru.dbpedia.org/resource/%D0%9B%D0%B0%D0%BD_%D0%9B%D0%B0%D0%BD_(%D0%BF%D0%B8%D0%B0%D0%BD%D0%B8%D1%81%D1%82),l
http://ru.dbpedia.org/resource/%D0%A7%D0%B6%D0%B0%D0%BE_%D0%92%D1%8D%D0%B9,z
http://ru.dbpedia.org/resource/%D0%A7%D0%B6%D0%BE%D1%83_%D0%A1%D1%8E%D0%BD%D1%8C,o
http://sk.dbpedia.org/resource/Fej_Wangov%C3%A1,f
http://sw.opencyc.org/2008/06/10/concept/Mx4rvbBINZwpEbGdrcN5Y29ycA,g
http://th.dbpedia.org/resource/%E0%B8%81%E0%B8%87_%E0%B8%A5%E0%B8%B5%E0%B9%88,g
http://th.dbpedia.org/resource/%E0%B8%AB%E0%B8%A5%E0%B8%B2%E0%B8%87_%E0%B8%AB%E0%B8%A5%E0%B9%88%E0%B8%B2%E0%B8%87,l
http://th.dbpedia.org/resource/%E0%B8%AB%E0%B8%A5%E0%B8%B5%E0%B9%88_%E0%B8%AB%E0%B8%A1%E0%B8%B4%E0%B8%87,m
http://th.dbpedia.org/resource/%E0%B9%80%E0%B8%88%E0%B9%89%E0%B8%B2_%E0%B9%80%E0%B8%A7%E0%B8%A2,z
http://th.dbpedia.org/resource/%E0%B9%80%E0%B8%89%E0%B8%B2%E0%B9%80%E0%B8%81%E0%B9%8B%E0%B8%AD,w
http://th.dbpedia.org/resource/%E0%B9%82%E0%B8%88%E0%B8%A7_%E0%B8%8B%E0%B8%A7%E0%B8%B4%E0%B9%88%E0%B8%99,o
http://th.dbpedia.org/resource/%E0%B9%82%E0%B8%88%E0%B8%A7_%E0%B9%80%E0%B8%AA%E0%B8%A7%E0%B8%B5%E0%B8%A2%E0%B8%99,s
http://uk.dbpedia.org/resource/%D0%93%D1%83%D0%BD_%D0%9B%D1%96,g
http://vi.dbpedia.org/resource/C%E1%BB%A7ng_L%E1%BB%A3i,g
http://vi.dbpedia.org/resource/Chu_T%E1%BA%A5n,o
http://vi.dbpedia.org/resource/H%E1%BB%93_Ca,h
http://vi.dbpedia.org/resource/L%C3%AA_Minh,m
http://vi.dbpedia.org/resource/Lang_L%C3%A3ng,l
http://vi.dbpedia.org/resource/Tri%E1%BB%87u_Vi,z
http://vi.dbpedia.org/resource/V%C6%B0%C6%A1ng_Phi,f
http://zh-min-nan.dbpedia.org/resource/L%C3%AEm_Ki%C3%B4ng,1
http://zh-yue.dbpedia.org/resource/%E5%BC%B5%E5%AE%87,2
http://zh-yue.dbpedia.org/resource/%E6%9E%97%E5%A4%95,i
http://zh-yue.dbpedia.org/resource/%E7%8E%8B%E8%8F%B2,f
http://zh-yue.dbpedia.org/resource/%E7%AB%87%E5%94%AF,q
http://zh-yue.dbpedia.org/resource/%E9%BB%8E%E6%98%8E,m
http://zh.dbpedia.org/resource/%E4%BD%95%E6%B4%81,n
http://zh.dbpedia.org/resource/%E5%91%A8%E7%92%87,s
http://zh.dbpedia.org/resource/%E5%91%A8%E8%BF%85,o
http://zh.dbpedia.org/resource/%E5%B4%94%E5%81%A5,j
http://zh.dbpedia.org/resource/%E5%B7%A9%E4%BF%90,g
http://zh.dbpedia.org/resource/%E5%BC%B5%E5%AE%87,2
http://zh.dbpedia.org/resource/%E5%BC%B5%E6%87%B8,t
http://zh.dbpedia.org/resource/%E5%BC%B5%E8%8F%B2,e
http://zh.dbpedia.org/resource/%E6%9B%B9%E6%A0%BC,w
http://zh.dbpedia.org/resource/%E6%9D%8E%E7%8E%9F,c
http://zh.dbpedia.org/resource/%E6%9E%97%E5%A4%95,i
http://zh.dbpedia.org/resource/%E6%9E%97%E5%BC%B7,1
http://zh.dbpedia.org/resource/%E6%B5%AE%E8%BA%81,f
http://zh.dbpedia.org/resource/%E6%BA%AB%E5%B5%90,p
http://zh.dbpedia.org/resource/%E7%8E%8B%E8%8F%B2,f
http://zh.dbpedia.org/resource/%E7%91%9E%E6%81%A9,r
http://zh.dbpedia.org/resource/%E7%AA%A6%E5%94%AF,q
http://zh.dbpedia.org/resource/%E8%83%A1%E6%AD%8C,h
http://zh.dbpedia.org/resource/%E8%A1%9B%E8%98%AD,k
http://zh.dbpedia.org/resource/%E8%A5%BF%E7%95%8C,4
http://zh.dbpedia.org/resource/%E8%B6%99%E8%96%87,z
http://zh.dbpedia.org/resource/%E9%82%A3%E8%8B%B1,y
http://zh.dbpedia.org/resource/%E9%83%8E%E6%9C%97,l
http://zh.dbpedia.org/resource/%E9%84%AD%E8%9E%8D,3
http://zh.dbpedia.org/resource/%E9%98%BF%E7%82%B3,a
http://zh.dbpedia.org/resource/%E9%99%B6%E5%96%86,d
http://zh.dbpedia.org/resource/%E9%BB%8E%E6%98%8E,m
